id,query,medicine_brand,expected_medicine,medicine_name_db,expected_sections_pt,expected_verdict,justification,evidence,bula_url,registration_number,status,verdict_ok,medicine_ok,evidence_ok,validated_by,comments
q001,buscofem serve pra colica menstrual?,Buscofem,ibuprofeno,ibuprofeno,Indicações,confirmed,Confirmado: a bula lista 'cólicas menstruais' entre as indicações do ibuprofeno.,"[Indicações | 202eadd0-7d64-489c-b687-d82bc606c2f7]
O ibuprofeno é um medicamento indicado para redução da febre e para o alívio de dores, tais como: dores decorrentes de gripes e resfriados, dor de garganta, dor de cabeça, dor de dente, dor nas costas, cólicas menstruais e dores musculares.",https://bula.gratis/laboratorio_globo_sa/0/ibuprofeno,,,,,,,
q002,posso tomar Buscofem com cerveja?,Buscofem,ibuprofeno,ibuprofeno,Contraindicações,refuted,Refutado: a bula orienta 'não utilizar ibuprofeno junto com bebidas alcoólicas'.,"[Contraindicações | 89dbbbe9-d8de-4854-a3c9-694a6533cd3c]
Não utilize ibuprofeno se você já teve qualquer alergia ou alguma reação incomum a qualquer um dos componentes da fórmula do produto. Este produto contém ibuprofeno que pode causar reações de natureza alérgica, entre as quais a asma brônquica, especialmente em pessoas alérgicas ao ácido acetilsalicílico. Não utilize ibuprofeno caso tenha apresentado alguma reação alérgica ao ácido acetilsalicílico e a outros antiinflamatórios. Não utilize este produto contra a dor por mais de 10 dias ou contra a febre por mais de 3 dias, a menos que seja prescrito pelo médico. Não ultrapasse a dose recomendada. Não tome este produto com outros medicamentos contendo ibuprofeno ou outros medicamentos para dor, exceto sob orientação médica. ibuprofeno suspensão 50mg/mL_Bula_Paciente Página 2 de 8 Não utilize ibuprofeno em casos em que o ácido acetilsalicílico, iodeto e outros anti-inflamatórios não esteroides tenham induzido asma, rinite, urticária, pólipo nasal, angioedema, broncoespasmo e outros sintomas de reação alérgica ou anafilática. Não utilizar ibuprofeno junto com bebidas alcoólicas. O ibuprofeno é contraindicado a pacientes com úlcera gastroduodenal ou sangramento gastrintestinal. Este medicamento é contraindicado para menores de 6 meses.",https://bula.gratis/laboratorio_globo_sa/0/ibuprofeno,,,,,,,
q003,"buscofem é de boa pra bebê pequeno, tipo menor de 6 meses",Buscofem,ibuprofeno,ibuprofeno,Contraindicações,refuted,Refutado: a bula afirma que o ibuprofeno 'é contraindicado para menores de 6 meses'.,"[Contraindicações | 89dbbbe9-d8de-4854-a3c9-694a6533cd3c]
Não utilize ibuprofeno se você já teve qualquer alergia ou alguma reação incomum a qualquer um dos componentes da fórmula do produto. Este produto contém ibuprofeno que pode causar reações de natureza alérgica, entre as quais a asma brônquica, especialmente em pessoas alérgicas ao ácido acetilsalicílico. Não utilize ibuprofeno caso tenha apresentado alguma reação alérgica ao ácido acetilsalicílico e a outros antiinflamatórios. Não utilize este produto contra a dor por mais de 10 dias ou contra a febre por mais de 3 dias, a menos que seja prescrito pelo médico. Não ultrapasse a dose recomendada. Não tome este produto com outros medicamentos contendo ibuprofeno ou outros medicamentos para dor, exceto sob orientação médica. ibuprofeno suspensão 50mg/mL_Bula_Paciente Página 2 de 8 Não utilize ibuprofeno em casos em que o ácido acetilsalicílico, iodeto e outros anti-inflamatórios não esteroides tenham induzido asma, rinite, urticária, pólipo nasal, angioedema, broncoespasmo e outros sintomas de reação alérgica ou anafilática. Não utilizar ibuprofeno junto com bebidas alcoólicas. O ibuprofeno é contraindicado a pacientes com úlcera gastroduodenal ou sangramento gastrintestinal. Este medicamento é contraindicado para menores de 6 meses.",https://bula.gratis/laboratorio_globo_sa/0/ibuprofeno,,,,,,,
q004,se eu tiver úlcera no estômago melhor não tomar ibuprofeno,,ibuprofeno,ibuprofeno,Contraindicações,confirmed,Confirmado: a bula contraindica o ibuprofeno a pacientes com úlcera gastroduodenal ou sangramento gastrintestinal.,"[Contraindicações | 89dbbbe9-d8de-4854-a3c9-694a6533cd3c]
Não utilize ibuprofeno se você já teve qualquer alergia ou alguma reação incomum a qualquer um dos componentes da fórmula do produto. Este produto contém ibuprofeno que pode causar reações de natureza alérgica, entre as quais a asma brônquica, especialmente em pessoas alérgicas ao ácido acetilsalicílico. Não utilize ibuprofeno caso tenha apresentado alguma reação alérgica ao ácido acetilsalicílico e a outros antiinflamatórios. Não utilize este produto contra a dor por mais de 10 dias ou contra a febre por mais de 3 dias, a menos que seja prescrito pelo médico. Não ultrapasse a dose recomendada. Não tome este produto com outros medicamentos contendo ibuprofeno ou outros medicamentos para dor, exceto sob orientação médica. ibuprofeno suspensão 50mg/mL_Bula_Paciente Página 2 de 8 Não utilize ibuprofeno em casos em que o ácido acetilsalicílico, iodeto e outros anti-inflamatórios não esteroides tenham induzido asma, rinite, urticária, pólipo nasal, angioedema, broncoespasmo e outros sintomas de reação alérgica ou anafilática. Não utilizar ibuprofeno junto com bebidas alcoólicas. O ibuprofeno é contraindicado a pacientes com úlcera gastroduodenal ou sangramento gastrintestinal. Este medicamento é contraindicado para menores de 6 meses.",https://bula.gratis/laboratorio_globo_sa/0/ibuprofeno,,,,,,,
q005,Duomo HP é pra quem tem prostata aumentada né?,Duomo HP,mesilato de doxazosina,mesilato de doxazosina,Indicações,confirmed,Confirmado: o mesilato de doxazosina é indicado para hiperplasia prostática benigna (aumento benigno da próstata).,"[Indicações | e6f9fe43-db6c-4d54-a289-fff73c9d9a69]
Hiperplasia prostática benigna – HPB (aumento benigno da próstata) O mesilato de doxazosina é indicado para o tratamento dos sintomas da hiperplasia prostática benigna - HPB - (doença caracterizada pelo aumento benigno da próstata), assim como para o tratamento da redução do fluxo urinário associada à HPB. O mesilato de doxazosina pode ser administrado em pacientes com HPB que sejam hipertensos (sofram de pressão alta) ou normotensos (tenham pressão normal). Não são observadas alterações clinicamente significativas na pressão sanguínea de pacientes normotensos com HPB. Pacientes com HPB e hipertensão apresentam ambas as condições tratadas efetivamente com mesilato de doxazosina como monoterapia (um único remédio tratando as duas doenças). Hipertensão (pressão alta) O mesilato de doxazosina é indicado para o tratamento da hipertensão e pode ser utilizado como agente inicial para o controle da pressão sanguínea na maioria dos pacientes. Em pacientes sem controle adequado com um único agente anti-hipertensivo, o mesilato de doxazosina pode ser administrado em associação a outros medicamentos para pressão alta, tais como diuréticos tiazídicos, betabloqueadores antagonistas de cálcio ou agentes inibidores da enzima conversora de angiotensina. Seu médico prescreverá a melhor opção de tratamento para o seu caso.",https://bula.gratis/geolab_industria_farmaceutica_s_a/0/mesilato_de_doxazosina,,,,,,,
q006,"posso tomar Duomo HP de manhã ou de noite, tanto faz",Duomo HP,mesilato de doxazosina,mesilato de doxazosina,Dosagem e Administração,confirmed,"Confirmado: a bula diz que pode ser tomado tanto pela manhã quanto à noite, com ou sem alimentos.","[Dosagem e Administração | 820d794a-8ce9-4c6c-a4d1-899bc198e3b7]
Você pode tomar o mesilato de doxazosina tanto pela manhã quanto à noite, com quantidade suficiente de líquido para engolir o comprimido, com ou sem alimentos. Utilize o produto apenas pela via de administração indicada, ou seja, somente pela via oral. Este medicamento é de uso contínuo. Hiperplasia prostática benigna: a dose inicial é de 1 mg (meio comprimido de 2 mg) administrado em dose única diária, a fim de diminuir a possível ocorrência de hipotensão postural e/ou desmaio. Conforme a resposta individual do paciente, a dose pode ser aumentada após uma ou duas semanas de tratamento para 2 mg, e assim a intervalos similares para 4 mg e 8 mg, sendo está a dose máxima recomendada. O intervalo de dose usualmente recomendado é de 2 a 4 mg diários. Hipertensão: a dose total de doxazosina varia de 1 a 16 mg diários. Recomenda-se uma dose inicial de 1 mg (meio comprimido de 2 mg) administrado em dose única diária por uma ou duas semanas. Dependendo da resposta individual do paciente, a dose pode ser aumentada após uma ou duas semanas de tratamento para 2 mg, e assim a intervalos similares para 4 mg, 8 mg e 16 mg, até se obter a redução desejada da pressão. O intervalo de dose usualmente recomendado é de 2 a 4 mg diários. Uso em idosos: a mesma dose de mesilato de doxazosina recomendada para adultos jovens pode ser utilizada em idosos.",https://bula.gratis/geolab_industria_farmaceutica_s_a/0/mesilato_de_doxazosina,,,,,,,
q007,se eu esquecer Duomo HP posso tomar duas juntas pra compensar,Duomo HP,mesilato de doxazosina,mesilato de doxazosina,Dose Esquecida,refuted,Refutado: a bula orienta pular a dose esquecida quando perto da próxima e 'não tome o medicamento em dobro para compensar'.,"[Dose Esquecida | b29d939b-2aca-491d-afe2-555cb9eaf52c]
Caso você esqueça-se de tomar mesilato de doxazosina no horário estabelecido pelo seu médico, tome-o assim que lembrar. Entretanto, se já estiver perto do horário de tomar a próxima dose, pule a dose esquecida e tome a próxima, continuando normalmente o esquema de doses recomendado pelo seu médico. Neste caso, não tome o medicamento em dobro para compensar doses esquecidas. O esquecimento da dose pode comprometer a eficácia do tratamento. Em caso de dúvidas, procure orientação do farmacêutico ou de seu médico, ou cirurgião-dentista.",https://bula.gratis/geolab_industria_farmaceutica_s_a/0/mesilato_de_doxazosina,,,,,,,
q008,tylenol sinus ajuda no nariz entupido também ou é só pra febre?,Tylenol Sinus,paracetamol + cloridrato de pseudoefedrina,paracetamol + cloridrato de pseudoefedrina,Como funciona,confirmed,"Confirmado: além do paracetamol (febre/dor), a pseudoefedrina do Tylenol Sinus reduz a congestão nasal.","[Como funciona | 1103a381-6048-4eb1-91dc-648e1c971f2a]
O paracetamol é um analgésico e antitérmico que reduz a febre atuando no centro regulador da temperatura no Sistema Nervoso Central (SNC) e diminui a sensibilidade para a dor. A pseudoefedrina reduz a congestão nasal. A ação do medicamento se inicia dentro de 15 a 30 minutos após a administração.",https://bula.gratis/germed_farmaceutica_ltda/0/paracetamol_cloridrato_de_pseudoefedrina,,,,,,,
q009,criança de 10 anos pode tomar tylenol sinus?,Tylenol Sinus,paracetamol + cloridrato de pseudoefedrina,paracetamol + cloridrato de pseudoefedrina,Contraindicações,refuted,"Refutado: o medicamento 'é contraindicado para menores de 12 anos', logo não serve para criança de 10 anos.","[Contraindicações | 3f07a28a-12c7-4920-a937-8715be931a2a]
Você não deve usar paracetamol + cloridrato de pseudoefedrina em caso de alergia ao paracetamol, ao cloridrato de pseudoefedrina ou a qualquer componente de sua fórmula. Este medicamento é contraindicado para menores de 12 anos. O paracetamol + cloridrato de pseudoefedrina não deve ser administrado à pacientes em uso de inibidores da monoaminooxidase (IMAO), como alguns medicamentos antidepressivos (ex: tranilcipromina, moclobemida), ou para distúrbios psiquiátricos e emocionais (ex: iproniazida, fenelzina), ou para Doença de Parkinson (ex: selegilina), ou por duas semanas após o término do uso destes medicamentos. O uso concomitante destes medicamentos pode causar aumento na pressão sanguínea ou crise de hipertensão. Em caso de dúvida se o medicamento que está utilizando contém IMAO, consulte seu médico antes de utilizar este produto.",https://bula.gratis/germed_farmaceutica_ltda/0/paracetamol_cloridrato_de_pseudoefedrina,,,,,,,
q010,tylenol sinus pode dar nervosismo e boca seca,Tylenol Sinus,paracetamol + cloridrato de pseudoefedrina,paracetamol + cloridrato de pseudoefedrina,Reações Adversas,confirmed,Confirmado: nervosismo é reação comum e boca seca está entre as reações indesejáveis da pseudoefedrina.,"[Reações Adversas | d4e65074-f16a-4d97-88dc-4d91490bfe0c]
Reação adversa comum (ocorreu entre 1% e 10% dos pacientes que administraram este medicamento) observada em estudo clínico: nervosismo. Outras reações indesejáveis comuns à administração de pseudoefedrina são: boca seca, náusea, tontura e insônia. Em estudo pós-mercado, foram observadas as seguintes reações, muito raramente (ocorrem em menos de 0,01% dos pacientes que utilizam este medicamento): reação anafilática, hipersensibilidade, angioedema, prurido, erupções cutâneas com prurido, urticaria, disúria, retenção urinária, ansiedade, euforia, alucinação, alucinação visual, agitação, derrame cerebral, dor de cabeça, formigamento, hiperatividade psicomotora, tremor, sonolência, arritmia, infarto do miocárdio, palpitações, taquicardia, aumento na pressão sanguínea, dor abdominal, infarto intestinal (dor abdominal, diarreia e sangue nas fezes), diarreia, vômitos e aumento das transaminases e erupção fixa medicamentosa. Informe ao seu médico, cirurgião-dentista ou farmacêutico o aparecimento de reações indesejáveis pelo uso do medicamento. Informe também à empresa através do seu serviço de atendimento.",https://bula.gratis/germed_farmaceutica_ltda/0/paracetamol_cloridrato_de_pseudoefedrina,,,,,,,
q011,Plenance é indicado para adultos com colesterol alto?,Plenance,Plenance,PLENANCE EZE,Indicações,confirmed,Confirmado: Plenance EZE é indicado em adultos com aumento de colesterol no sangue (hipercolesterolemia).,"[Indicações | a633a2bb-b808-4109-a446-7cf2d9d6e500]
Plenance EZE® é indicado em adultos com aumento de colesterol no sangue (hipercolesterolemia primária, familiar heterozigótica ou não-familiar) ou com aumento de colesterol e/ou de triglicérides no sangue (dislipidemia mista), quando não respondem a dieta para redução de gorduras no sangue e aos exercícios físicos e tem alto ou muito alto risco cardiovascular. Plenance EZE® deve ser usado em associação com dieta para controle do colesterol e triglicérides. Em pacientes adultos com aumento do colesterol (hipercolesterolemia), Plenance EZE® é indicado para redução de: colesterol “ruim” (LDL), colesterol total, triglicérides, ApoB, não HDL-C, razões LDL-C/HDL-C, não HDL-C/HDL-C, ApoB/Apo A-I, C-total/HDL-C. E para aumento do colesterol “bom” (HDL).",https://bula.gratis/libbs_farmaceutica_ltda/0/plenance_eze,,,,,,,
q012,Plenance pode ser usado por mulheres grávidas?,Plenance,Plenance,PLENANCE EZE,Contraindicações,refuted,Refutado: Plenance EZE é contraindicado em grávidas e em mulheres com potencial para engravidar sem contracepção adequada.,"[Contraindicações | e559eaca-404b-4649-b2c8-43d122660932]
Plenance EZE® é contraindicado em pacientes: • Com alergia conhecida a qualquer componente deste medicamento; PLEZE_V.04-23 1 • Grávidas ou que estejam amamentando e em mulheres com potencial para engravidar (a menos que estejam adotando precauções contraceptivas adequadas); • Com doença no fígado (ver item “4. O que devo saber antes de usar este medicamento?”); • Com alteração grave da função dos rins (taxa de filtração glomerular <30 mL/min/1,73 m2). • Com miopatia Este medicamento não deve ser utilizado por mulheres grávidas ou que possam ficar grávidas durante o tratamento. Informe imediatamente seu médico em caso de suspeita de gravidez.",https://bula.gratis/libbs_farmaceutica_ltda/0/plenance_eze,,,,,,,
q013,"Plenance pode ser partido, aberto ou mastigado?",Plenance,Plenance,PLENANCE EZE,Dosagem e Administração,refuted,"Refutado: a bula afirma que o medicamento 'não deve ser partido, aberto ou mastigado'.","[Dosagem e Administração | d2a5ef59-c5a1-4354-b33d-119acd3dff04]
Não interrompa o tratamento sem o conhecimento do seu médico. Este medicamento não deve ser partido, aberto ou mastigado.",https://bula.gratis/libbs_farmaceutica_ltda/0/plenance_eze,,,,,,,
q014,olmesartana é remédio pra pressão alta?,,olmesartana medoxomila,olmesartana medoxomila,Indicações,confirmed,Confirmado: a olmesartana medoxomila é indicada para o tratamento da pressão arterial alta.,"[Indicações | dd951893-9c61-48b4-b298-0949caf88787]
Olmesartana medoxomila é indicado para o tratamento da pressão arterial alta, ou seja, a pressão cujas medidas estejam acima de 140 mm Hg (pressão “alta” ou sistólica) ou 90 mm Hg (pressão “baixa” ou diastólica).",https://bula.gratis/sanofi_medley_farmaceutica_ltda/0/olmesartana_medoxomila,,,,,,,
q015,gravidas podem tomar olmesartana,,olmesartana medoxomila,olmesartana medoxomila,Contraindicações,refuted,Refutado: a bula diz que não se deve usar durante a gravidez; é contraindicada no 2º e 3º trimestres.,"[Contraindicações | 49a264a4-3e15-4b44-b60e-5c5b1deb590f]
Você não deve usar este medicamento durante a gravidez, nem se for alérgico ou sensível a qualquer componente deste produto. Você não deve usar esse produto se é diabético e está utilizando alisquireno. Primeiro trimestre de gestação: este medicamento não deve ser utilizado por mulheres grávidas sem orientação médica ou do cirurgião-dentista. Segundo e terceiro trimestres de gestação: este medicamento não deve ser utilizado por mulheres grávidas sem orientação médica. Informe imediatamente seu médico em caso de suspeita de gravidez.",https://bula.gratis/sanofi_medley_farmaceutica_ltda/0/olmesartana_medoxomila,,,,,,,
q016,olmesartana faz cair cabelo?,,olmesartana medoxomila,olmesartana medoxomila,Reações Adversas,inconclusive,"Inconclusivo: a bula da olmesartana não menciona queda de cabelo entre as reações adversas, então não é possível confirmar nem refutar a partir da bula.","[Reações Adversas | 62f213a3-daca-48bf-92ce-ee0b80c58ce6]
Assim como com qualquer medicamento, podem aparecer alguns efeitos indesejáveis durante o uso de olmesartana medoxomila. A seguir são relatadas as reações observadas durante os estudos clínicos com olmesartana medoxomila bem como durante a experiência póslançamento. Reação comum (ocorre entre 1% e 10% dos pacientes que utilizam este medicamento): tontura. Reações muito raras (ocorrem em menos de 0,01% dos pacientes que utilizam este medicamento): dor de cabeça, tosse, dor abdominal, náusea, vômito, vermelhidão da pele, coceira, inchaço do rosto, inchaço das pernas, insuficiência renal aguda, alterações em exames laboratoriais do sangue (aumento de creatinina e enzimas do fígado), diarreia, choque anafilático, dor muscular, fraqueza muscular, indisposição, fadiga e cansaço profundo. Nenhuma diferença relevante foi identificada entre o perfil de segurança em pacientes pediátricos de 1 a 17 anos de idade e o que foi reportado anteriormente em pacientes adultos. Caso você apresente diarreia forte e duradoura que leve a perda de peso consulte imediatamente seu médico para reavaliar a continuação do tratamento. O uso deste medicamento pode, raramente, causar aumento dos níveis de potássio no sangue. Procure o médico para avaliação da necessidade de monitoramento dos níveis sanguíneos. Informe ao seu médico, cirurgião-dentista ou farmacêutico o aparecimento de reações indesejáveis pelo uso do medicamento. Informe também à empresa através do seu serviço de atendimento.",https://bula.gratis/sanofi_medley_farmaceutica_ltda/0/olmesartana_medoxomila,,,,,,,
q017,Pacientes com asma precisam ter cuidado ao usar metoprolol?,,succinato de metoprolol,succinato de metoprolol,Advertências e Precauções,confirmed,Confirmado: a bula orienta usar o metoprolol com cuidado em quem está em tratamento para asma.,"[Advertências e Precauções | 59c0cd90-b0c6-4e24-995d-ea0c11981b5f]
O succinato de metoprolol deve ser utilizado com cuidado nas seguintes situações: se estiver em tratamento para asma; se tiver uma alteração preexistente da condução A-V de grau moderado (condução do impulso elétrico entre átrio e ventrículo, fazendo com que o coração bata no ritmo correto); se desenvolver um aumento de bradicardia (diminuição na frequência dos batimentos do coração); se for portador de feocromocitoma (tipo de tumor, geralmente benigno, localizado na glândula suprarrenal). O tratamento com succinato de metoprolol não deve ser interrompido abruptamente. Se houver necessidade de descontinuar o tratamento com succinato de metoprolol, recomenda-se que seja feito de forma gradual. Antes de cirurgias, informe seu médico ou cirurgião-dentista que você está utilizando succinato de metoprolol. O succinato de metoprolol não deve ser usado durante a gravidez ou lactação ao menos que o seu uso seja considerado essencial. Os medicamentos da classe dos betabloqueadores podem causar danos ao feto ou parto prematuro. Este medicamento não deve ser utilizado por mulheres grávidas sem orientação médica ou do cirurgião-dentista. Verifique a sua reação ao succinato de metoprolol antes de dirigir veículos e operar máquinas porque, ocasionalmente, podem ocorrer tontura ou fadiga (cansaço). Este medicamento pode causar doping.",https://bula.gratis/biolab_sanus_farmaceutica_ltda/0/succinato_de_metoprolol,,,,,,,
q018,Metoprolol pode causar queda de cabelo?,,succinato de metoprolol,succinato de metoprolol,Reações Adversas,confirmed,Confirmado: 'perda de cabelo' consta como reação rara do succinato de metoprolol na bula.,"[Reações Adversas | 23cb1a16-440c-4e1b-86e1-2df34bdc355a]
-Reação muito comum (ocorre em 10% ou mais dos pacientes que utilizam este medicamento): fadiga e astenia (fraqueza). - Reação comum (ocorre entre 1% e 10% dos pacientes que utilizam este medicamento): bradicardia, alterações posturais na pressão (muito raramente com desmaio), mãos e pés frios, palpitações, vertigem, dor de cabeça, enjoo, dor abdominal, diarreia, prisão de ventre e dispnéia de esforço (dificuldades respiratórias ao esforço). - Reação incomum (ocorre entre 0,1% e 1% dos pacientes que utilizam este medicamento): piora dos sintomas de insuficiência cardíaca, choque cardiogênico em pacientes com infarto agudo do miocárdio, bloqueio cardíaco de primeiro grau, edema (inchaço), dor precordial (dor no peito), hipotensão, parestesia (formigamento), cãibras musculares, vômitos, ganho de peso, depressão, dificuldade de concentração, sonolência ou insônia, pesadelos, broncoespasmo (chiado no peito), erupção cutânea (na forma de urticária psoriasiforme e lesões cutâneas distróficas) e aumento do suor. - Reação rara (ocorre entre 0,01% e 0,1% dos pacientes que utilizam este medicamento): alterações da condução cardíaca, arritmias cardíacas (batimentos irregulares do coração), boca seca, alterações de testes da função hepática, nervosismo, ansiedade, impotência/disfunção sexual, rinite, distúrbios da visão, irritação e/ou ressecamento dos olhos, conjuntivite e perda de cabelo.",https://bula.gratis/biolab_sanus_farmaceutica_ltda/0/succinato_de_metoprolol,,,,,,,
q019,"Kaloba é indicado para sintomas de resfriado, como tosse, coriza e dor de garganta?",Kaloba,KALOBA,KALOBA,Indicações,confirmed,"Confirmado: Kaloba é indicado para sintomas de infecções agudas do sistema respiratório (tosse, coriza, dor de garganta), como o resfriado.","[Indicações | 2f8aac1a-f9c8-445c-a95d-e02a0d2fa534]
Este medicamento é indicado para tratamento dos sintomas (tosse com catarro, tosse seca, coriza, obstrução nasal, dor de cabeça, dor de garganta, dificuldade para engolir, mal-estar e indisposição) de infecções agudas do sistema respiratório, tais como resfriado, sinusite, infecção da garganta e bronquite não alérgica, principalmente aquelas causadas por vírus.",https://bula.gratis/herbarium_laboratorio_botanico_ltda/0/kaloba,,,,,,,
q020,Kaloba em comprimido pode ser usado por uma criança de 8 anos?,Kaloba,KALOBA,KALOBA,"Contraindicações, Dosagem e Administração",refuted,Refutado: o comprimido de Kaloba é contraindicado para menores de 12 anos e sua posologia é para maiores de 12 anos; para 1–12 anos indica-se a solução oral.,"[Contraindicações | 8f7e686b-8cd1-4785-92cd-6d9078fcb51d]
Para segurança do paciente, o uso de Kaloba® não é recomendado: - em casos de alergia aos componentes da fórmula; - em casos de doenças graves do fígado. Este medicamento é contraindicado para menores de 12 anos.

[Dosagem e Administração | 3d56074d-25eb-4e22-baa8-850bab58a3bc]
Salvo critério médico diferente, a posologia recomendada é a seguinte: Adultos e crianças maiores de 12 anos: 1 comprimido, três vezes ao dia. Para crianças de 1 a 12 anos aconselha-se o uso de Kaloba® solução oral, devido à adequação da dose para essa faixa etária. Kaloba® não deve ser mastigado e deve ser tomado com algum líquido, preferivelmente com um copo de água. Não tomar os comprimidos enquanto estiver deitado. Kaloba® é um comprimido revestido para uso oral. Siga a orientação de seu médico, respeitando sempre os horários, as doses e a duração do tratamento. Não interrompa o tratamento sem o conhecimento do seu médico. Este medicamento não deve ser partido, aberto ou mastigado.",https://bula.gratis/herbarium_laboratorio_botanico_ltda/0/kaloba,,,,,,,
